ID,NAME,ASSET,To Be Assessed,CATEGORY,DESCRIPTION,ASSET (original),MAPPING NOTE
T-01,V2X Target Spoofing,V2X Module,Yes,Spoofing,An attacker impersonates external entities to inject malicious data into the architecture outlined in the 'WhatsApp Image 2026-09-24 at 11.50.41.jpeg' file. The attacker sends falsified navigation information and fake data regarding pedestrians. The attacker can also spoof extravehicular communication data about other vehicles.,V2X Module,
T-02,Cockpit Sensor Spoofing,Cockpit sensors,Yes,Spoofing,"An attacker feeds artificial visual data to the cameras located in the interior sensing infrastructure. This manipulates the systems designed to monitor the psychological state of the driver, effectively blinding the Driver Monitoring Systems (DMS).",Cockpit sensors,
T-03,AI Model Tampering,Main ECU,Yes,Tampering,"An adversary gains access to the Main ECU and alters its computational files. This allows the attacker to manipulate the AI models. As a result, the ECU elaborates corrupted information for the system's output.",Main ECU,
T-04,Dynamics Data Tampering,DECU TO MECU,Yes,Tampering,"An attacker intercepts the transmission from the Dynamics Electronic Control Unit to the Main ECU. The attacker maliciously alters the captured dynamics data from the vehicle, changing critical values such as speed or steering angle.",DECU TO MECU OUT,port name collapsed to connector
T-05,AR Spatial Transformation Tampering,AR Device Controller,Yes,Tampering,An attacker injects faults into the Main ECU's processing routines. This tampers with the body spatial transformations that generate the virtual frames.,AR Device Controller,
T-06,V2X Message Repudiation,V2X Module,Yes,Repudiation,"The extravehicular communication system processes incoming map data but fails to securely log the origin of the messages. This allows a malicious actor to deny sending harmful data about other street users, such as pedestrians.",V2X Module,
T-07,Driver State Repudiation,Cockpit ECU,Yes,Repudiation,The dedicated cockpit processing unit fails to reliably log anomalous events detected by the interior sensing infrastructure. This prevents auditors from proving the true psychological state of the driver was captured by the Driver Monitoring Systems (DMS).,Cockpit ECU,
T-08,Cockpit Camera Feed Disclosure,Cockpit sensors,Yes,Information Disclosure,An attacker breaches the dedicated cockpit processing unit. The attacker exfiltrates the sensitive camera feeds used by the Driver Monitoring Systems (DMS).,Cockpit sensors,
T-09,V2X Data Interception,V2XT TO V2M,Yes,Information Disclosure,An eavesdropper intercepts unencrypted extravehicular communication entering the V2X Module. This exposes shared navigation information and real-time positional data of local vehicles.,V2XT TO V2XM IN,port name collapsed to connector
T-10,AR Output DoS,AR Output Device,Yes,Denial of Service,"An attacker issues a flood of shutdown commands to the AR Output Device. This crashes the Picture Generation Unit. Consequently, the device stops projecting virtual light rays onto the windshield film. This disables the visualization of produced content for the Advanced Driver-Assistance Systems.",AR Output Device,
T-11,Main ECU DoS,Main ECU,Yes,Denial of Service,"An attacker floods the internal network, overwhelming the Main ECU. This prevents the component from performing its required main computation and halts Augmented Reality content production.",Main ECU,
T-12,Privilege Escalation in Main ECU,Main ECU,Yes,Elevation of Privilege,An attacker exploits a software vulnerability in the system's main computational unit. The attacker gains administrative rights to control the AI models. The elevated access allows the attacker to intercept diagnostic signals sent to other areas.,Main ECU,
T-13,Cockpit ECU Privilege Escalation,Cockpit ECU,Yes,Elevation of Privilege,"An attacker escalates privileges within the Cockpit area's dedicated processing unit. This grants the attacker total control over the cameras used to monitor the psychological state of the driver, compromising the Driver Monitoring Systems (DMS).",Cockpit ECU,
