ID,NAME,ASSET,To Be Assessed,CATEGORY,DESCRIPTION
THR-001,Spoofing of extravehicular navigation and pedestrian data,V2XT TO V2XM,Yes,Spoofing,"An attacker injects falsified road maps or phantom pedestrian data via the V2XT TO V2XM flow, potentially triggering unintended emergency braking or other hazardous vehicle responses."
THR-002,"Spoofing of vehicle dynamics metrics (speed, steering)",DS TO DECU,Yes,Spoofing,"Logical tampering or sensor spoofing injects falsified telemetry (e.g., speed, steering angle) into the DS TO DECU flow, causing main AI models to make decisions based on artificial vehicle states."
THR-003,Tampering with AI model aggregation and elaboration,Main ECU,Yes,Tampering,"An attacker compromises the Main ECU to alter the AI models responsible for aggregating sensor inputs and elaborating information, leading to incorrect system outputs."
THR-004,Tampering with world-locked virtual frame generation,ARDC TO AROD,Yes,Tampering,"Attackers modify the virtual frames transmitted over the ARDC TO AROD flow, deliberately misaligning the AR overlay with the physical road and causing dangerous navigational misjudgments."
THR-005,Repudiation of diagnostic signals sent to internal ECUs,MECU TO DECU,Yes,Repudiation,"Due to a lack of cryptographic signatures on internal flows like MECU TO DECU, unauthorized commands or diagnostic signals can be issued without accountability or traceability."
THR-006,Repudiation of outgoing vehicle navigation broadcasts,V2XM TO V2XT,Yes,Repudiation,"The vehicle broadcasts navigation or status information via the V2XM TO V2XT flow without sufficient proof of origin, allowing malicious entities to deny sending hazardous messages."
THR-007,Information disclosure of driver psychological state monitoring,CS TO CPECU,Yes,Information Disclosure,Unauthorized interception of the CS TO CPECU video or sensor feeds results in the compromise of highly sensitive biometric and psychological driver data.
THR-008,Information disclosure of internal unencrypted sensor telemetry,DECU TO MECU,Yes,Information Disclosure,Eavesdropping on the unencrypted DECU TO MECU interface allows attackers to passively gather critical vehicle dynamics telemetry.
THR-009,Denial of Service (DoS) disrupting extravehicular communication,V2X Module,Yes,Denial of Service,"Attackers overwhelm the V2X Module with malicious traffic, disrupting the vehicle's ability to communicate with targets such as infrastructure, cloud systems, and other vehicles."
THR-010,DoS on the Picture Generation Unit (PGU) blocking ADAS visualization,AR Output Device,Yes,Denial of Service,Resource exhaustion or network flooding targeting the AR Output Device (PGU) blinds the driver to necessary AR visualizations and ADAS content.
THR-011,Elevation of Privilege through malicious over-the-air payload,V2XT TO V2XM,Yes,Elevation of Privilege,"A malicious payload delivered via the V2XT TO V2XM external interface exploits parsing vulnerabilities in the V2X Module, allowing attackers to execute arbitrary code and gain unauthorized access."
THR-012,Elevation of Privilege via unauthorized cross-ECU code execution,Main ECU,Yes,Elevation of Privilege,An attacker successfully compromises a lower-privileged ECU and uses internal interfaces to pivot and execute unauthorized code on the critical Main ECU.
